Bus;Frame;ID;ID (hex);Sender;Signal;Receiver(s);Received by me;Byte Order;Type;No Bits;Start Bit;Min;Max;Scale;Offset;Unit
PT;RT_SB_INS_Vel_Body_Axes;215;0x0d7;SB;Validity_INS_Vel_Forwards;ECU;true;Intel;Bool;1;0;0.0;1.0;1.0;0.0;
PT;RT_SB_INS_Vel_Body_Axes;215;0x0d7;SB;Validity_INS_Vel_Sideways;ECU;true;Intel;Bool;1;1;0.0;1.0;1.0;0.0;
PT;RT_SB_INS_Vel_Body_Axes;215;0x0d7;SB;Bit4;ECU;true;Intel;Bool;1;4;0.0;1.0;1.0;0.0;
PT;RT_SB_INS_Vel_Body_Axes;215;0x0d7;SB;Bit7;ECU;true;Intel;Bool;1;7;0.0;1.0;1.0;0.0;
PT;RT_SB_INS_Vel_Body_Axes;215;0x0d7;SB;Byte2_Bit0;ECU;true;Intel;Bool;1;16;0.0;1.0;1.0;0.0;
PT;RT_SB_INS_Vel_Body_Axes;215;0x0d7;SB;INS_Vel_Sideways_2D;ECU;true;Intel;Int32;23;40;-838.0;838.0;1.0E-4;0.0;m/s
PT;RT_DL1MK3_Speed;8392740;0x801024;DL1MK3;Validity_Speed;ECU;true;Intel;Bool;1;0;0.0;1.0;1.0;0.0;
PT;RT_DL1MK3_Speed;8392740;0x801024;DL1MK3;Accuracy_Speed;ECU;true;Intel;UInt8;8;8;0.0;255.0;1.0;0.0;
PT;RT_DL1MK3_Speed;8392740;0x801024;DL1MK3;Direction;ECU;true;Motorola;UInt8;2;17;-1.0;1.0;2.0;-1.0;
PT;RT_DL1MK3_Speed;8392740;0x801024;DL1MK3;Speed;ECU;true;Intel;Int32;32;18;-20000.0;20000.0;1.0E-5;0.0;m/s
PT;RT_DL1MK3_GPS_Time;9175332;0x8c0124;DL1MK3;Validity_GPS_Time;ECU;true;Intel;Bool;1;0;0.0;1.0;1.0;0.0;
PT;RT_DL1MK3_GPS_Time;9175332;0x8c0124;DL1MK3;Validity_GPS_Week;ECU;true;Intel;Bool;1;1;0.0;1.0;1.0;0.0;
PT;RT_DL1MK3_GPS_Time;9175332;0x8c0124;DL1MK3;Accuracy_GPS_Time;ECU;true;Intel;UInt8;8;8;0.0;255.0;1.0;0.0;
PT;RT_DL1MK3_GPS_Time;9175332;0x8c0124;DL1MK3;GPS_Time;ECU;true;Intel;UInt32;32;16;0.0;604800.0;0.001;0.0;s
PT;RT_DL1MK3_GPS_Time;9175332;0x8c0124;DL1MK3;GPS_Week;ECU;true;Intel;UInt16;16;48;0.0;65535.0;1.0;0.0;
PT;RT_DL1MK3_GPS_Pos_LLH_2;9175844;0x8c0324;DL1MK3;GPS_Pos_LLH_Longitude;ECU;true;Intel;Int32;32;0;-180.0;180.0;1.0E-7;0.0;degrees
PT;RT_DL1MK3_GPS_Pos_LLH_2;9175844;0x8c0324;DL1MK3;GPS_Pos_LLH_Altitude;ECU;true;Intel;Int32;32;32;-1000.0;100000.0;0.001;0.0;m
PT;RT_DL1MK3_GPS_Pos_LLH_1;9175588;0x8c0224;DL1MK3;Validity_GPS_Pos_LLH_Latitude;ECU;true;Intel;Bool;1;0;0.0;1.0;1.0;0.0;
PT;RT_DL1MK3_GPS_Pos_LLH_1;9175588;0x8c0224;DL1MK3;Validity_GPS_Pos_LLH_Longitude;ECU;true;Intel;Bool;1;1;0.0;1.0;1.0;0.0;
PT;RT_DL1MK3_GPS_Pos_LLH_1;9175588;0x8c0224;DL1MK3;Validity_GPS_Pos_LLH_Altitude;ECU;true;Intel;Bool;1;2;0.0;1.0;1.0;0.0;
PT;RT_DL1MK3_GPS_Pos_LLH_1;9175588;0x8c0224;DL1MK3;Accuracy_GPS_Pos_LLH_Latitude;ECU;true;Intel;UInt8;8;8;0.0;255.0;1.0;0.0;
PT;RT_DL1MK3_GPS_Pos_LLH_1;9175588;0x8c0224;DL1MK3;Accuracy_GPS_Pos_LLH_Longitude;ECU;true;Intel;UInt8;8;16;0.0;255.0;1.0;0.0;
PT;RT_DL1MK3_GPS_Pos_LLH_1;9175588;0x8c0224;DL1MK3;Accuracy_GPS_Pos_LLH_Altitude;ECU;true;Intel;UInt8;8;24;0.0;255.0;1.0;0.0;
PT;RT_DL1MK3_GPS_Pos_LLH_1;9175588;0x8c0224;DL1MK3;GPS_Pos_LLH_Latitude;ECU;true;Intel;Int32;32;32;-90.0;90.0;1.0E-7;0.0;degrees
PT;RT_DL1MK3_GPS_Speed;1234;0x4d2;DL1MK3;Validity_GPS_Speed_2D;ECU;true;Intel;Bool;1;0;0.0;1.0;1.0;0.0;
PT;RT_DL1MK3_GPS_Speed;1234;0x4d2;DL1MK3;Validity_GPS_Speed_3D;ECU;true;Intel;Bool;1;1;0.0;1.0;1.0;0.0;
PT;RT_DL1MK3_GPS_Speed;1234;0x4d2;DL1MK3;Accuracy_GPS_Speed;ECU;true;Intel;UInt8;8;8;0.0;255.0;1.0;0.0;
PT;RT_DL1MK3_GPS_Speed;1234;0x4d2;DL1MK3;GPS_Speed_2D;ECU;true;Intel;UInt32;24;16;0.0;1675.0;1.0E-4;0.0;m/s
PT;RT_DL1MK3_GPS_Speed;1234;0x4d2;DL1MK3;GPS_Speed_3D;ECU;true;Intel;UInt32;24;40;0.0;1675.0;1.0E-4;0.0;m/s
PT;RT_IRTemp_Temp_7;9504549;0x910725;IRTemp;IR_Temperature_7;DL1MK3;false;Intel;Int16;16;0;0.0;0.0;0.1;0.0;
PT;RT_IRTemp_Temp_RR_2;9963557;0x980825;IRTemp;IR_Temperature_29;ECU;true;Intel;Int16;16;0;0.0;0.0;0.1;0.0;
PT;RT_IRTemp_Temp_RR_2;9963557;0x980825;IRTemp;IR_Temperature_30;ECU, DL1MK3;true;Intel;Int16;16;16;0.0;0.0;0.1;0.0;
PT;RT_IRTemp_Temp_RR_2;9963557;0x980825;IRTemp;IR_Temperature_31;ECU, DL1MK3;true;Intel;Int16;16;32;0.0;0.0;0.1;0.0;
PT;RT_IRTemp_Temp_RR_2;9963557;0x980825;IRTemp;IR_Temperature_32;ECU;true;Intel;Int16;16;48;0.0;0.0;0.1;0.0;
PT;RT_IRTemp_Temp_RL_2;9963045;0x980625;ECU;IR_Temperature_21;DL1MK3, IRTemp;false;Intel;Int16;16;0;0.0;0.0;0.1;0.0;
PT;RT_IRTemp_Temp_RL_2;9963045;0x980625;ECU;IR_Temperature_22;DL1MK3;false;Intel;Int16;16;16;0.0;0.0;0.1;0.0;
PT;RT_IRTemp_Temp_RL_2;9963045;0x980625;ECU;IR_Temperature_23;DL1MK3;false;Intel;Int16;16;32;0.0;0.0;0.1;0.0;
PT;RT_IRTemp_Temp_RL_2;9963045;0x980625;ECU;IR_Temperature_24;DL1MK3;false;Intel;Int16;16;48;0.0;0.0;0.1;0.0;
PT;RT_IRTemp_Temp_FR_2;9962533;0x980425;ECU;IR_Temperature_13;DL1MK3, IRTemp;false;Intel;Int16;16;0;0.0;0.0;0.1;0.0;
PT;RT_IRTemp_Temp_FR_2;9962533;0x980425;ECU;IR_Temperature_14;DL1MK3;false;Intel;Int16;16;16;0.0;0.0;0.1;0.0;
PT;RT_IRTemp_Temp_FR_2;9962533;0x980425;ECU;IR_Temperature_15;DL1MK3;false;Intel;Int16;16;32;0.0;0.0;0.1;0.0;
PT;RT_IRTemp_Temp_FR_2;9962533;0x980425;ECU;IR_Temperature_16;DL1MK3;false;Intel;Int16;16;48;0.0;0.0;0.1;0.0;
PT;RT_IRTemp_Temp_FL_2;9962021;0x980225;IRTemp;IR_Temperature_5;ECU;true;Intel;Int16;16;0;0.0;0.0;0.1;0.0;
PT;RT_IRTemp_Temp_FL_2;9962021;0x980225;IRTemp;IR_Temperature_6;ECU;true;Intel;Int16;16;16;0.0;0.0;0.1;0.0;
PT;RT_IRTemp_Temp_FL_2;9962021;0x980225;IRTemp;IR_Temperature_7;ECU;true;Intel;Int16;16;32;0.0;0.0;0.1;0.0;
PT;RT_IRTemp_Temp_FL_2;9962021;0x980225;IRTemp;IR_Temperature_8;ECU;true;Intel;Int16;16;48;0.0;0.0;0.1;0.0;
PT;RT_IRTemp_Temp_RR_1;9963301;0x980725;IRTemp;IR_Temperature_25;ECU;true;Intel;Int16;16;0;0.0;0.0;0.1;0.0;
PT;RT_IRTemp_Temp_RR_1;9963301;0x980725;IRTemp;IR_Temperature_26;ECU;true;Intel;Int16;16;16;0.0;0.0;0.1;0.0;
PT;RT_IRTemp_Temp_RR_1;9963301;0x980725;IRTemp;IR_Temperature_27;ECU;true;Intel;Int16;16;32;0.0;0.0;0.1;0.0;
PT;RT_IRTemp_Temp_RR_1;9963301;0x980725;IRTemp;IR_Temperature_28;ECU;true;Intel;Int16;16;48;0.0;0.0;0.1;0.0;
PT;RT_IRTemp_Temp_RL_1;9962789;0x980525;IRTemp;IR_Temperature_17;ECU;true;Intel;Int16;16;0;0.0;0.0;0.1;0.0;
PT;RT_IRTemp_Temp_RL_1;9962789;0x980525;IRTemp;IR_Temperature_18;ECU;true;Intel;Int16;16;16;0.0;0.0;0.1;0.0;
PT;RT_IRTemp_Temp_RL_1;9962789;0x980525;IRTemp;IR_Temperature_19;ECU;true;Intel;Int16;16;32;0.0;0.0;0.1;0.0;
PT;RT_IRTemp_Temp_RL_1;9962789;0x980525;IRTemp;IR_Temperature_20;ECU;true;Intel;Int16;16;48;0.0;0.0;0.1;0.0;
PT;RT_IRTemp_Temp_FR_1;9962277;0x980325;IRTemp;IR_Temperature_9;ECU;true;Intel;Int16;16;0;0.0;0.0;0.1;0.0;
PT;RT_IRTemp_Temp_FR_1;9962277;0x980325;IRTemp;IR_Temperature_10;ECU;true;Intel;Int16;16;16;0.0;0.0;0.1;0.0;
PT;RT_IRTemp_Temp_FR_1;9962277;0x980325;IRTemp;IR_Temperature_11;ECU;true;Intel;Int16;16;32;0.0;0.0;0.1;0.0;
PT;RT_IRTemp_Temp_FR_1;9962277;0x980325;IRTemp;IR_Temperature_12;ECU;true;Intel;Int16;16;48;0.0;0.0;0.1;0.0;
PT;RT_IRTemp_Temp_FL_1;9961765;0x980125;IRTemp;IR_Temperature_1;ECU;true;Intel;Int16;16;0;0.0;0.0;0.1;0.0;
PT;RT_IRTemp_Temp_FL_1;9961765;0x980125;IRTemp;IR_Temperature_2;ECU;true;Intel;Int16;16;16;0.0;0.0;0.1;0.0;
PT;RT_IRTemp_Temp_FL_1;9961765;0x980125;IRTemp;IR_Temperature_3;ECU;true;Intel;Int16;16;32;0.0;0.0;0.1;0.0;
PT;RT_IRTemp_Temp_FL_1;9961765;0x980125;IRTemp;IR_Temperature_4;ECU;true;Intel;Int16;16;48;0.0;0.0;0.1;0.0;
PT;RT_IRTemp_Temp_32;9510949;0x912025;IRTemp;IR_Temperature_32;ECU;true;Intel;Int16;16;0;0.0;0.0;0.1;0.0;
PT;RT_IRTemp_Temp_31;9510693;0x911f25;IRTemp;IR_Temperature_31;ECU;true;Intel;Int16;16;0;0.0;0.0;0.1;0.0;
PT;RT_IRTemp_Temp_30;9510437;0x911e25;ECU;IR_Temperature_30;IRTemp;false;Intel;Int16;16;0;0.0;0.0;0.1;0.0;
PT;RT_IRTemp_Temp_29;9510181;0x911d25;IRTemp;IR_Temperature_29;ECU;true;Intel;Int16;16;0;0.0;0.0;0.1;0.0;
PT;RT_IRTemp_Temp_28;9509925;0x911c25;IRTemp;IR_Temperature_28;ECU;true;Intel;Int16;16;0;0.0;0.0;0.1;0.0;
PT;RT_IRTemp_Temp_27;9509669;0x911b25;IRTemp;IR_Temperature_27;ECU;true;Intel;Int16;16;0;0.0;0.0;0.1;0.0;
PT;RT_IRTemp_Temp_26;9509413;0x911a25;ECU;IR_Temperature_26;IRTemp;false;Intel;Int16;16;0;0.0;0.0;0.1;0.0;
PT;RT_IRTemp_Temp_25;9509157;0x911925;IRTemp;IR_Temperature_25;ECU;true;Intel;Int16;16;0;0.0;0.0;0.1;0.0;
PT;RT_IRTemp_Temp_24;9508901;0x911825;IRTemp;IR_Temperature_24;ECU;true;Intel;Int16;16;0;0.0;0.0;0.1;0.0;
PT;RT_IRTemp_Temp_22;9508389;0x911625;IRTemp;IR_Temperature_22;ECU;true;Intel;Int16;16;0;0.0;0.0;0.1;0.0;
PT;RT_IRTemp_Temp_23;9508645;0x911725;IRTemp;IR_Temperature_23;ECU;true;Intel;Int16;16;0;0.0;0.0;0.1;0.0;
PT;RT_IRTemp_Temp_21;9508133;0x911525;IRTemp;IR_Temperature_21;ECU;true;Intel;Int16;16;0;0.0;0.0;0.1;0.0;
PT;RT_IRTemp_Temp_20;9507877;0x911425;IRTemp;IR_Temperature_20;ECU;true;Intel;Int16;16;0;0.0;0.0;0.1;0.0;
PT;RT_IRTemp_Temp_19;9507621;0x911325;IRTemp;IR_Temperature_19;ECU;true;Intel;Int16;16;0;0.0;0.0;0.1;0.0;
PT;RT_IRTemp_Temp_18;9507365;0x911225;IRTemp;IR_Temperature_18;ECU;true;Intel;Int16;16;0;0.0;0.0;0.1;0.0;
PT;RT_IRTemp_Temp_16;9506853;0x911025;IRTemp;IR_Temperature_16;ECU;true;Intel;Int16;16;0;0.0;0.0;0.1;0.0;
PT;RT_IRTemp_Temp_15;9506597;0x910f25;IRTemp;IR_Temperature_15;ECU;true;Intel;Int16;16;0;0.0;0.0;0.1;0.0;
PT;RT_IRTemp_Temp_14;9506341;0x910e25;IRTemp;IR_Temperature_14;ECU;true;Intel;Int16;16;0;0.0;0.0;0.1;0.0;
PT;RT_IRTemp_Temp_13;9506085;0x910d25;IRTemp;IR_Temperature_13;ECU;true;Intel;Int16;16;0;0.0;0.0;0.1;0.0;
PT;RT_IRTemp_Temp_12;9505829;0x910c25;IRTemp;IR_Temperature_12;ECU;true;Intel;Int16;16;0;0.0;0.0;0.1;0.0;
PT;RT_IRTemp_Temp_11;9505573;0x910b25;IRTemp;IR_Temperature_11;ECU;true;Intel;Int16;16;0;0.0;0.0;0.1;0.0;
PT;RT_IRTemp_Temp_10;9505317;0x910a25;IRTemp;IR_Temperature_10;ECU;true;Intel;Int16;16;0;0.0;0.0;0.1;0.0;
PT;RT_IRTemp_Temp_8;9504805;0x910825;IRTemp;IR_Temperature_8;ECU;true;Intel;Int16;16;0;0.0;0.0;0.1;0.0;
PT;RT_IRTemp_Temp_9;9505061;0x910925;IRTemp;IR_Temperature_9;ECU;true;Intel;Int16;16;0;0.0;0.0;0.1;0.0;
PT;RT_IRTemp_Temp_17;9507109;0x911125;IRTemp;IR_Temperature_17;ECU;true;Intel;Int16;16;0;0.0;0.0;0.1;0.0;
PT;RT_IRTemp_Temp_6;9504293;0x910625;IRTemp;IR_Temperature_6;ECU;true;Intel;Int16;16;0;0.0;0.0;0.1;0.0;
PT;RT_IRTemp_Temp_5;9504037;0x910525;IRTemp;IR_Temperature_5;ECU;true;Intel;Int16;16;0;0.0;0.0;0.1;0.0;
PT;RT_IRTemp_Temp_4;9503781;0x910425;IRTemp;IR_Temperature_4;ECU;true;Intel;Int16;16;0;0.0;0.0;0.1;0.0;
PT;RT_IRTemp_Temp_3;9503525;0x910325;IRTemp;IR_Temperature_3;ECU;true;Intel;Int16;16;0;0.0;0.0;0.1;0.0;
PT;RT_IRTemp_Temp_2;9503269;0x910225;IRTemp;IR_Temperature_2;ECU;true;Intel;Int16;16;0;0.0;0.0;0.1;0.0;
PT;RT_IRTemp_Temp_1;9503013;0x910125;IRTemp;IR_Temperature_1;ECU;true;Intel;Int16;16;0;0.0;0.0;0.1;0.0;
PT;RT_IRTemp_Temp_1;9503013;0x910125;IRTemp;CRC;;false;Motorola;UInt8;8;23;1.0;255.0;1.0;0.0;
PT;RT_SB_Trig_Final_Condition;9242402;0x8d0722;SB;Validity_Final_Speed;ECU;true;Intel;Bool;1;0;0.0;1.0;1.0;0.0;
PT;RT_SB_Trig_Final_Condition;9242402;0x8d0722;SB;Final_Speed;ECU;true;Intel;UInt32;24;8;0.0;1675.0;1.0E-4;0.0;m/s
PT;RT_SB_Trig_Initial_Condition;794;0x31a;SB;Validity_Initial_Speed;ECU;true;Intel;Bool;1;0;0.0;1.0;1.0;0.0;
PT;RT_SB_Trig_Initial_Condition;794;0x31a;SB;Validity_Initial_Heading;ECU;true;Intel;Bool;1;1;0.0;1.0;1.0;0.0;
PT;RT_SB_Trig_Initial_Condition;794;0x31a;SB;Initial_Speed;ECU;true;Intel;UInt32;24;8;0.0;1675.0;1.0E-4;0.0;m/s
PT;RT_SB_Trig_Initial_Condition;794;0x31a;SB;Initial_Heading;ECU;true;Intel;Int16;16;32;-180.0;180.0;0.01;0.0;degrees
PT;RT_SB_Trig_Initial_Condition;794;0x31a;SB;MFDD_Start_Threshold;ECU;true;Intel;UInt8;8;48;0.0;100.0;1.0;0.0;%
PT;RT_SB_Trig_Initial_Condition;794;0x31a;SB;MFDD_End_Threshold;ECU;true;Intel;UInt8;8;56;0.0;100.0;1.0;0.0;%
PT;RT_SB_Trig_Direct_Dist;9241890;0x8d0522;SB;Direct_Distance;ECU;true;Intel;UInt32;32;0;0.0;4294970.0;0.001;0.0;m
PT;RT_SB_Trig_Direct_Dist;9241890;0x8d0522;SB;Path_Distance_2D;ECU;true;Intel;UInt32;32;32;0.0;4294970.0;0.001;0.0;m
PT;RT_SB_Trig_Forward_Dist;9241634;0x8d0422;ECU;Forward_Distance;IRTemp;false;Intel;Int32;32;0;-2147480.0;2147480.0;0.001;0.0;m
PT;RT_SB_Trig_Forward_Dist;9241634;0x8d0422;ECU;Deviation_Distance;SB;false;Intel;Int32;32;32;-2147480.0;2147480.0;0.001;0.0;m
PT;RT_SB_Trig_Path_Dist;9241378;0x8d0322;SB;Path_Distance_3D;ECU;true;Intel;UInt32;32;0;0.0;4294970.0;0.001;0.0;m
PT;RT_SB_Trig_Accel;9241122;0x8d0222;ECU;Validity_MFDD;IRTemp;false;Intel;Bool;1;0;0.0;1.0;1.0;0.0;
PT;RT_SB_Trig_Accel;9241122;0x8d0222;ECU;Validity_Average_Accel;;false;Intel;Bool;1;1;0.0;1.0;1.0;0.0;
PT;RT_SB_Trig_Accel;9241122;0x8d0222;ECU;Validity_Triggered_Time;;false;Intel;Bool;1;2;0.0;1.0;1.0;0.0;
PT;RT_SB_Trig_Accel;9241122;0x8d0222;ECU;MFDD;SB;false;Intel;Int16;16;8;-65.0;65.0;0.001;0.0;g
PT;RT_SB_Trig_Accel;9241122;0x8d0222;ECU;Average_Accel;SB;false;Intel;Int16;16;24;-65.0;65.0;0.001;0.0;g
PT;RT_SB_Trig_Accel;9241122;0x8d0222;ECU;Triggered_Time;;false;Intel;UInt32;24;40;0.0;167772.0;0.01;0.0;s
PT;RT_DL1MK3_Measure_Time_12;9833508;0x960c24;DL1MK3;Measured_Time_12;;false;Intel;UInt32;24;0;0.0;0.0;1.0;0.0;
PT;RT_DL1MK3_Measure_Time_11;9833252;0x960b24;DL1MK3;Measured_Time_11;ECU;true;Intel;UInt32;24;0;0.0;0.0;1.0;0.0;
PT;RT_DL1MK3_Measure_Time_10;9832996;0x960a24;DL1MK3;Measured_Time_10;ECU;true;Intel;UInt32;24;0;0.0;0.0;1.0;0.0;
PT;RT_DL1MK3_Measure_Time_9;9832740;0x960924;DL1MK3;Measured_Time_9;ECU;true;Intel;UInt32;24;0;0.0;0.0;1.0;0.0;
PT;RT_DL1MK3_Measure_Time_8;9832484;0x960824;DL1MK3;Measured_Time_8;ECU;true;Intel;UInt32;24;0;0.0;0.0;1.0;0.0;
PT;RT_DL1MK3_Measure_Time_7;9832228;0x960724;DL1MK3;Measured_Time_7;ECU;true;Intel;UInt32;24;0;0.0;0.0;1.0;0.0;
PT;RT_DL1MK3_Measure_Time_6;9831972;0x960624;DL1MK3;Measured_Time_6;ECU;true;Intel;UInt32;24;0;0.0;0.0;1.0;0.0;
PT;RT_DL1MK3_Measure_Time_5;9831716;0x960524;DL1MK3;Measured_Time_5;ECU;true;Intel;UInt32;24;0;0.0;0.0;1.0;0.0;
PT;RT_DL1MK3_Measure_Time_4;9831460;0x960424;DL1MK3;Measured_Time_4;ECU;true;Intel;UInt32;24;0;0.0;0.0;1.0;0.0;
PT;RT_DL1MK3_Measure_Time_3;9831204;0x960324;DL1MK3;Measured_Time_3;ECU;true;Intel;UInt32;24;0;0.0;0.0;1.0;0.0;
PT;RT_DL1MK3_Measure_Time_2;9830948;0x960224;DL1MK3;Measured_Time_2;ECU;true;Intel;UInt32;24;0;0.0;0.0;1.0;0.0;
PT;RT_DL1MK3_Measure_Time_1;9830692;0x960124;DL1MK3;Measured_Time_1;ECU;true;Intel;UInt32;24;0;0.0;0.0;1.0;0.0;
PT;RT_DL1MK3_RPM;9767972;0x950c24;DL1MK3;RPM;ECU;true;Intel;UInt16;16;0;0.0;0.0;1.0;0.0;
PT;RT_DL1MK3_Freq_4;9767716;0x950b24;DL1MK3;Frequency_4;ECU;true;Intel;UInt16;16;0;0.0;0.0;0.1;0.0;
PT;RT_DL1MK3_Freq_3;9767460;0x950a24;DL1MK3;Frequency_3;ECU;true;Intel;UInt16;16;0;0.0;0.0;0.1;0.0;
PT;RT_DL1MK3_Freq_2;9767204;0x950924;DL1MK3;Frequency_2;ECU;true;Intel;UInt16;16;0;0.0;0.0;0.1;0.0;
PT;RT_DL1MK3_Misc_3;9896740;0x970324;DL1MK3;Misc_3;ECU;true;Intel;UInt16;16;0;0.0;0.0;0.001;0.0;
PT;RT_DL1MK3_Misc_2;9896484;0x970224;DL1MK3;Misc_2;ECU;true;Intel;UInt16;16;0;0.0;0.0;0.001;0.0;
PT;RT_DL1MK3_Misc_1;9896228;0x970124;DL1MK3;Misc_1;ECU;true;Intel;UInt16;16;0;0.0;0.0;0.001;0.0;
PT;RT_DL1MK3_Aux_31;9707300;0x941f24;DL1MK3;AUX_31;ECU;true;Intel;UInt16;16;0;0.0;0.0;0.1;0.0;
PT;RT_DL1MK3_Aux_30;9707044;0x941e24;DL1MK3;AUX_30;ECU;true;Intel;UInt16;16;0;0.0;0.0;0.1;0.0;
PT;RT_DL1MK3_Aux_29;9706788;0x941d24;DL1MK3;AUX_29;ECU;true;Intel;UInt16;16;0;0.0;0.0;0.1;0.0;
PT;RT_DL1MK3_Aux_28;9706532;0x941c24;DL1MK3;AUX_28;ECU;true;Intel;UInt16;16;0;0.0;0.0;0.1;0.0;
PT;RT_DL1MK3_Aux_27;9706276;0x941b24;DL1MK3;AUX_27;ECU;true;Intel;UInt16;16;0;0.0;0.0;0.1;0.0;
PT;RT_DL1MK3_Aux_26;9706020;0x941a24;DL1MK3;AUX_26;ECU;true;Intel;UInt16;16;0;0.0;0.0;0.1;0.0;
PT;RT_DL1MK3_Aux_25;9705764;0x941924;DL1MK3;AUX_25;ECU;true;Intel;UInt16;16;0;0.0;0.0;0.1;0.0;
PT;RT_DL1MK3_Aux_24;9705508;0x941824;DL1MK3;AUX_24;ECU;true;Intel;UInt16;16;0;0.0;0.0;0.1;0.0;
PT;RT_DL1MK3_Aux_23;9705252;0x941724;DL1MK3;AUX_23;ECU;true;Intel;UInt16;16;0;0.0;0.0;0.1;0.0;
PT;RT_DL1MK3_Aux_22;9704996;0x941624;DL1MK3;AUX_22;ECU;true;Intel;UInt16;16;0;0.0;0.0;10.0;0.0;
PT;RT_DL1MK3_Aux_21;9704740;0x941524;DL1MK3;AUX_21;ECU;true;Intel;UInt16;16;0;0.0;0.0;0.1;0.0;
PT;RT_DL1MK3_Aux_20;9704484;0x941424;DL1MK3;AUX_20;ECU;true;Intel;UInt16;16;0;0.0;0.0;0.1;0.0;
PT;RT_DL1MK3_Aux_19;9704228;0x941324;DL1MK3;AUX_19;ECU;true;Intel;UInt16;16;0;0.0;0.0;0.1;0.0;
PT;RT_DL1MK3_Aux_18;9703972;0x941224;DL1MK3;AUX_18;ECU;true;Intel;UInt16;16;0;0.0;0.0;0.1;0.0;
PT;RT_DL1MK3_Aux_17;9703716;0x941124;DL1MK3;AUX_17;ECU;true;Intel;UInt16;16;0;0.0;0.0;0.1;0.0;
PT;RT_DL1MK3_Aux_16;9703460;0x941024;DL1MK3;AUX_16;ECU;true;Intel;UInt16;16;0;0.0;0.0;0.1;0.0;
PT;RT_DL1MK3_Aux_15;9703204;0x940f24;DL1MK3;AUX_15;ECU;true;Intel;UInt16;16;0;0.0;0.0;0.1;0.0;
PT;RT_DL1MK3_Aux_14;9702948;0x940e24;DL1MK3;AUX_14;ECU;true;Intel;UInt16;16;0;0.0;0.0;0.1;0.0;
PT;RT_DL1MK3_Aux_13;9702692;0x940d24;DL1MK3;AUX_13;ECU;true;Intel;UInt16;16;0;0.0;0.0;0.1;0.0;
PT;RT_DL1MK3_Aux_12;9702436;0x940c24;DL1MK3;AUX_12;ECU;true;Intel;UInt16;16;0;0.0;0.0;0.1;0.0;
PT;RT_DL1MK3_Aux_11;9702180;0x940b24;DL1MK3;AUX_11;ECU;true;Intel;UInt16;16;0;0.0;0.0;0.1;0.0;
PT;RT_DL1MK3_Aux_9;9701668;0x940924;DL1MK3;AUX_9;ECU;true;Intel;UInt16;16;0;0.0;0.0;0.1;0.0;
PT;RT_DL1MK3_Aux_10;9701924;0x940a24;DL1MK3;AUX_10;ECU;true;Intel;UInt16;16;0;0.0;0.0;0.1;0.0;
PT;RT_DL1MK3_Aux_8;9701412;0x940824;DL1MK3;AUX_8;ECU;true;Intel;UInt16;16;0;0.0;0.0;0.1;0.0;
PT;RT_DL1MK3_Aux_7;9701156;0x940724;DL1MK3;AUX_7;ECU;true;Intel;UInt16;16;0;0.0;0.0;0.1;0.0;
PT;RT_DL1MK3_Aux_6;9700900;0x940624;DL1MK3;AUX_6;ECU;true;Intel;UInt16;16;0;0.0;0.0;0.1;0.0;
PT;RT_DL1MK3_Aux_5;9700644;0x940524;DL1MK3;AUX_5;ECU;true;Intel;UInt16;16;0;0.0;0.0;0.1;0.0;
PT;RT_DL1MK3_Aux_4;9700388;0x940424;DL1MK3;AUX_4;ECU;true;Intel;UInt16;16;0;0.0;0.0;0.1;0.0;
PT;RT_DL1MK3_Aux_3;9700132;0x940324;DL1MK3;AUX_3;ECU;true;Intel;UInt16;16;0;0.0;0.0;0.1;0.0;
PT;RT_DL1MK3_Aux_2;9699876;0x940224;DL1MK3;AUX_2;ECU;true;Intel;UInt16;16;0;0.0;0.0;0.1;0.0;
PT;RT_DL1MK3_Aux_1;9699620;0x940124;DL1MK3;AUX_1;ECU;true;Intel;UInt16;16;0;0.0;0.0;0.1;0.0;
PT;RT_DL1MK3_Pressure_5;9438500;0x900524;DL1MK3;Pressure_5;ECU;true;Intel;UInt32;24;0;0.0;0.0;0.1;0.0;
PT;RT_DL1MK3_Pressure_4;9438244;0x900424;DL1MK3;Pressure_4;ECU;true;Intel;UInt32;24;0;0.0;0.0;0.1;0.0;
PT;RT_DL1MK3_Pressure_3;9437988;0x900324;DL1MK3;Pressure_3;ECU;true;Intel;UInt32;24;0;0.0;0.0;0.1;0.0;
PT;RT_DL1MK3_Pressure_2;9437732;0x900224;DL1MK3;Pressure_2;ECU;true;Intel;UInt32;24;0;0.0;0.0;0.1;0.0;
PT;RT_DL1MK3_Pressure_1;9437476;0x900124;DL1MK3;Pressure_1;ECU;true;Intel;UInt32;24;0;0.0;0.0;0.1;0.0;
PT;RT_DL1MK3_Angle_3;9569060;0x920324;DL1MK3;Angle_3;ECU;true;Intel;Int16;16;0;0.0;0.0;0.1;0.0;
PT;RT_DL1MK3_Angle_2;9568804;0x920224;DL1MK3;Angle_2;ECU;true;Intel;Int16;16;0;0.0;0.0;0.1;0.0;
PT;RT_DL1MK3_Angle_1;9568548;0x920124;DL1MK3;Angle_1;ECU;true;Intel;Int16;16;0;0.0;0.0;0.1;0.0;
PT;RT_DL1MK3_Temp_25;9509156;0x911924;DL1MK3;Temperature_25;ECU;true;Intel;Int16;16;0;0.0;0.0;0.1;0.0;
PT;RT_DL1MK3_Temp_24;9508900;0x911824;DL1MK3;Temperature_24;ECU;true;Intel;Int16;16;0;0.0;0.0;0.1;0.0;
PT;RT_DL1MK3_Temp_23;9508644;0x911724;DL1MK3;Temperature_23;ECU;true;Intel;Int16;16;0;0.0;0.0;0.1;0.0;
PT;RT_DL1MK3_Temp_22;9508388;0x911624;DL1MK3;Temperature_22;ECU;true;Intel;Int16;16;0;0.0;0.0;0.1;0.0;
PT;RT_DL1MK3_Temp_21;9508132;0x911524;DL1MK3;Temperature_21;ECU;true;Intel;Int16;16;0;0.0;0.0;0.1;0.0;
PT;RT_DL1MK3_Temp_20;9507876;0x911424;DL1MK3;Temperature_20;ECU;true;Intel;Int16;16;0;0.0;0.0;0.1;0.0;
PT;RT_DL1MK3_Temp_19;9507620;0x911324;DL1MK3;Temperature_19;ECU;true;Intel;Int16;16;0;0.0;0.0;0.1;0.0;
PT;RT_DL1MK3_Temp_18;9507364;0x911224;DL1MK3;Temperature_18;ECU;true;Intel;Int16;16;0;0.0;0.0;0.1;0.0;
PT;RT_DL1MK3_Temp_17;9507108;0x911124;DL1MK3;Temperature_17;ECU;true;Intel;Int16;16;0;0.0;0.0;0.1;0.0;
PT;RT_DL1MK3_Temp_16;9506852;0x911024;DL1MK3;Temperature_16;ECU;true;Intel;Int16;16;0;0.0;0.0;0.1;0.0;
PT;RT_DL1MK3_Temp_15;9506596;0x910f24;DL1MK3;Temperature_15;ECU;true;Intel;Int16;16;0;0.0;0.0;0.1;0.0;
PT;RT_DL1MK3_Temp_14;9506340;0x910e24;DL1MK3;Temperature_14;ECU;true;Intel;Int16;16;0;0.0;0.0;0.1;0.0;
PT;RT_DL1MK3_Temp_13;9506084;0x910d24;DL1MK3;Temperature_13;ECU;true;Intel;Int16;16;0;0.0;0.0;0.1;0.0;
PT;RT_DL1MK3_Temp_12;9505828;0x910c24;DL1MK3;Temperature_12;ECU;true;Intel;Int16;16;0;0.0;0.0;0.1;0.0;
PT;RT_DL1MK3_Temp_11;9505572;0x910b24;DL1MK3;Temperature_11;ECU;true;Intel;Int16;16;0;0.0;0.0;0.1;0.0;
PT;RT_DL1MK3_Temp_10;9505316;0x910a24;DL1MK3;Temperature_10;ECU;true;Intel;Int16;16;0;0.0;0.0;0.1;0.0;
PT;RT_DL1MK3_Temp_9;9505060;0x910924;DL1MK3;Temperature_9;ECU;true;Intel;Int16;16;0;0.0;0.0;0.1;0.0;
PT;RT_DL1MK3_Temp_8;9504804;0x910824;DL1MK3;Temperature_8;ECU;true;Intel;Int16;16;0;0.0;0.0;0.1;0.0;
PT;RT_DL1MK3_Temp_7;9504548;0x910724;DL1MK3;Temperature_7;ECU;true;Intel;Int16;16;0;0.0;0.0;0.1;0.0;
PT;RT_DL1MK3_Temp_6;9504292;0x910624;DL1MK3;Temperature_6;ECU;true;Intel;Int16;16;0;0.0;0.0;0.1;0.0;
PT;RT_DL1MK3_Temp_5;9504036;0x910524;DL1MK3;Temperature_5;ECU;true;Intel;Int16;16;0;0.0;0.0;0.1;0.0;
PT;RT_DL1MK3_Temp_4;9503780;0x910424;DL1MK3;Temperature_4;ECU;true;Intel;Int16;16;0;0.0;0.0;0.1;0.0;
PT;RT_DL1MK3_Temp_3;9503524;0x910324;DL1MK3;Temperature_3;ECU;true;Intel;Int16;16;0;0.0;0.0;0.1;0.0;
PT;RT_DL1MK3_Temp_2;9503268;0x910224;DL1MK3;Temperature_2;ECU;true;Intel;Int16;16;0;0.0;0.0;0.1;0.0;
PT;RT_DL1MK3_Temp_1;9503012;0x910124;DL1MK3;Temperature_1;ECU;true;Intel;Int16;16;0;0.0;0.0;0.1;0.0;
PT;RT_DL1MK3_Analog_32;8527652;0x821f24;DL1MK3;Analog_32;ECU;true;Motorola;UInt16;16;7;0.0;0.0;0.001;0.0;
PT;RT_DL1MK3_Analog_31;8527396;0x821e24;DL1MK3;Analog_31;ECU;true;Motorola;UInt16;16;7;0.0;0.0;0.001;0.0;
PT;RT_DL1MK3_Analog_30;8527140;0x821d24;DL1MK3;Analog_30;ECU;true;Motorola;UInt16;16;7;0.0;0.0;0.001;0.0;
PT;RT_DL1MK3_Analog_29;8526884;0x821c24;DL1MK3;Analog_29;ECU;true;Motorola;UInt16;16;7;0.0;0.0;0.001;0.0;
PT;RT_DL1MK3_Analog_28;8526628;0x821b24;DL1MK3;Analog_28;ECU;true;Motorola;UInt16;16;7;0.0;0.0;0.001;0.0;
PT;RT_DL1MK3_Analog_27;8526372;0x821a24;DL1MK3;Analog_27;ECU;true;Motorola;UInt16;16;7;0.0;0.0;0.001;0.0;
PT;RT_DL1MK3_Analog_26;8526116;0x821924;DL1MK3;Analog_26;ECU;true;Motorola;UInt16;16;7;0.0;0.0;0.001;0.0;
PT;RT_DL1MK3_Analog_25;8525860;0x821824;DL1MK3;Analog_25;ECU;true;Motorola;UInt16;16;7;0.0;0.0;0.001;0.0;
PT;RT_DL1MK3_Analog_15;8523300;0x820e24;DL1MK3;Analog_15;ECU;true;Motorola;UInt16;16;7;0.0;0.0;0.001;0.0;
PT;RT_DL1MK3_Analog_14;8523044;0x820d24;DL1MK3;Analog_14;ECU;true;Motorola;UInt16;16;7;0.0;0.0;0.001;0.0;
PT;RT_DL1MK3_Analog_17;8523812;0x821024;DL1MK3;Analog_17;ECU;true;Motorola;UInt16;16;7;0.0;0.0;0.001;0.0;
PT;RT_DL1MK3_Analog_24;8525604;0x821724;DL1MK3;Analog_24;ECU;true;Motorola;UInt16;16;7;0.0;0.0;0.001;0.0;
PT;RT_DL1MK3_Analog_23;8525348;0x821624;DL1MK3;Analog_23;ECU;true;Motorola;UInt16;16;7;0.0;0.0;0.001;0.0;
PT;RT_DL1MK3_Analog_22;8525092;0x821524;DL1MK3;Analog_22;ECU;true;Motorola;UInt16;16;7;0.0;0.0;0.001;0.0;
PT;RT_DL1MK3_Analog_21;8524836;0x821424;DL1MK3;Analog_21;ECU;true;Motorola;UInt16;16;7;0.0;0.0;0.001;0.0;
PT;RT_DL1MK3_Analog_20;8524580;0x821324;DL1MK3;Analog_20;ECU;true;Motorola;UInt16;16;7;0.0;0.0;0.001;0.0;
PT;RT_DL1MK3_Analog_19;8524324;0x821224;DL1MK3;Analog_19;ECU;true;Motorola;UInt16;16;7;0.0;0.0;0.001;0.0;
PT;RT_DL1MK3_Analog_16;8523556;0x820f24;DL1MK3;Analog_16;ECU;true;Motorola;UInt16;16;7;0.0;0.0;0.001;0.0;
PT;RT_DL1MK3_Analog_18;8524068;0x821124;DL1MK3;Analog_18;ECU;true;Motorola;UInt16;16;7;0.0;0.0;0.001;0.0;
PT;RT_DL1MK3_Analog_12;8522532;0x820b24;DL1MK3;Analog_12;ECU;true;Motorola;UInt16;16;7;0.0;0.0;0.001;0.0;
PT;RT_DL1MK3_Analog_11;8522276;0x820a24;DL1MK3;Analog_11;ECU;true;Motorola;UInt16;16;7;0.0;0.0;0.001;0.0;
PT;RT_DL1MK3_Analog_10;8522020;0x820924;DL1MK3;Analog_10;ECU;true;Motorola;UInt16;16;7;0.0;0.0;0.001;0.0;
PT;RT_DL1MK3_Analog_9;8521764;0x820824;DL1MK3;Analog_9;ECU;true;Motorola;UInt16;16;7;0.0;0.0;0.001;0.0;
PT;RT_DL1MK3_Analog_8;8521508;0x820724;DL1MK3;Analog_8;ECU;true;Motorola;UInt16;16;7;0.0;0.0;0.001;0.0;
PT;RT_DL1MK3_Analog_7;8521252;0x820624;DL1MK3;Analog_7;ECU;true;Motorola;UInt16;16;7;0.0;0.0;0.001;0.0;
PT;RT_DL1MK3_Analog_6;8520996;0x820524;DL1MK3;Analog_6;ECU;true;Motorola;UInt16;16;7;0.0;0.0;0.001;0.0;
PT;RT_DL1MK3_Analog_5;8520740;0x820424;DL1MK3;Analog_5;ECU;true;Motorola;UInt16;16;7;0.0;0.0;0.001;0.0;
PT;RT_DL1MK3_Analog_4;8520484;0x820324;DL1MK3;Analog_4;ECU;true;Motorola;UInt16;16;7;0.0;0.0;0.001;0.0;
PT;RT_DL1MK3_Analog_3;8520228;0x820224;DL1MK3;Analog_3;ECU;true;Motorola;UInt16;16;7;0.0;0.0;0.001;0.0;
PT;RT_DL1MK3_Analog_2;8519972;0x820124;DL1MK3;Analog_2;ECU;true;Motorola;UInt16;16;7;0.0;0.0;0.001;0.0;
PT;RT_DL1MK3_Analog_1;8519716;0x820024;DL1MK3;Analog_1;ECU;true;Motorola;UInt16;16;7;0.0;0.0;0.001;0.0;
PT;RT_DL1MK3_Accel;8388644;0x800024;DL1MK3;Validity_Accel_Longitudinal;ECU;true;Intel;Bool;1;0;0.0;1.0;1.0;0.0;
PT;RT_DL1MK3_Accel;8388644;0x800024;DL1MK3;Validity_Accel_Lateral;ECU;true;Intel;Bool;1;1;0.0;1.0;1.0;0.0;
PT;RT_DL1MK3_Accel;8388644;0x800024;DL1MK3;Validity_Accel_Vertical;ECU;true;Intel;Bool;1;2;0.0;1.0;1.0;0.0;
PT;RT_DL1MK3_Accel;8388644;0x800024;DL1MK3;SQC;;false;Motorola;UInt8;4;7;0.0;14.0;1.0;0.0;
PT;RT_DL1MK3_Accel;8388644;0x800024;DL1MK3;Accuracy_Accel;ECU;true;Intel;UInt8;8;8;0.0;255.0;1.0;0.0;
PT;RT_DL1MK3_Accel;8388644;0x800024;DL1MK3;Accel_Longitudinal;ECU;true;Intel;Int16;16;16;-65.0;65.0;0.001;0.0;g
PT;RT_DL1MK3_Accel;8388644;0x800024;DL1MK3;Accel_Lateral;ECU;true;Intel;Int16;16;32;-65.0;65.0;0.001;0.0;g
PT;RT_DL1MK3_Accel;8388644;0x800024;DL1MK3;Accel_Vertical;ECU;true;Intel;Int16;16;48;-65.0;65.0;0.001;0.0;g
PT;RT_SB_INS_Vpt_4_Vel_NED_2;9384482;0x8f3222;SB;Virtual_4_Vel_NED_D;ECU;true;Intel;Int32;24;0;-838.0;838.0;1.0E-4;0.0;m/s
PT;RT_SB_INS_Vpt_4_Vel_NED_2;9384482;0x8f3222;SB;Virtual_4_Heading;ECU;true;Intel;Int16;16;32;-180.0;180.0;0.01;0.0;degrees
PT;RT_SB_INS_Vpt_4_Vel_NED_2;9384482;0x8f3222;SB;Virtual_4_Slip;ECU;true;Intel;Int16;16;48;-180.0;180.0;0.01;0.0;degrees
PT;RT_SB_INS_Vpt_4_Vel_NED_1;9384226;0x8f3122;SB;Virtual_4_Vel_NED_N;ECU;true;Intel;Int32;24;0;-838.0;838.0;1.0E-4;0.0;m/s
PT;RT_SB_INS_Vpt_4_Vel_NED_1;9384226;0x8f3122;SB;Virtual_4_Vel_NED_E;ECU;true;Intel;Int32;24;32;-838.0;838.0;1.0E-4;0.0;m/s
PT;RT_SB_INS_Vpt_4_Offset;9383970;0x8f3022;SB;Virtual_4_Offset_X;ECU;true;Intel;Int16;16;0;-32.768;32.767;0.001;0.0;m
PT;RT_SB_INS_Vpt_4_Offset;9383970;0x8f3022;SB;Virtual_4_Offset_Y;ECU;true;Intel;Int16;16;16;-32.768;32.767;0.001;0.0;m
PT;RT_SB_INS_Vpt_4_Offset;9383970;0x8f3022;SB;Virtual_4_Offset_Z;ECU;true;Intel;Int16;16;32;-32.768;32.767;0.001;0.0;m
PT;RT_SB_INS_Vpt_3_Vel_NED_2;9380386;0x8f2222;SB;Virtual_3_Vel_NED_D;ECU;true;Intel;Int32;24;0;-838.0;838.0;1.0E-4;0.0;m/s
PT;RT_SB_INS_Vpt_3_Vel_NED_2;9380386;0x8f2222;SB;Virtual_3_Heading;ECU;true;Intel;Int16;16;32;-180.0;180.0;0.01;0.0;degrees
PT;RT_SB_INS_Vpt_3_Vel_NED_2;9380386;0x8f2222;SB;Virtual_3_Slip;ECU;true;Intel;Int16;16;48;-180.0;180.0;0.01;0.0;degrees
PT;RT_SB_INS_Vpt_3_Vel_NED_1;9380130;0x8f2122;SB;Virtual_3_Vel_NED_N;ECU;true;Intel;Int32;24;0;-838.0;838.0;1.0E-4;0.0;m/s
PT;RT_SB_INS_Vpt_3_Vel_NED_1;9380130;0x8f2122;SB;Virtual_3_Vel_NED_E;ECU;true;Intel;Int32;24;32;-838.0;838.0;1.0E-4;0.0;m/s
PT;RT_SB_INS_Vpt_3_Offset;9379874;0x8f2022;SB;Virtual_3_Offset_X;ECU;true;Intel;Int16;16;0;-32.768;32.767;0.001;0.0;m
PT;RT_SB_INS_Vpt_3_Offset;9379874;0x8f2022;SB;Virtual_3_Offset_Y;ECU;true;Intel;Int16;16;16;-32.768;32.767;0.001;0.0;m
PT;RT_SB_INS_Vpt_3_Offset;9379874;0x8f2022;SB;Virtual_3_Offset_Z;ECU;true;Intel;Int16;16;32;-32.768;32.767;0.001;0.0;m
PT;RT_SB_INS_Vpt_2_Vel_NED_2;9376290;0x8f1222;SB;Virtual_2_Vel_NED_D;ECU;true;Intel;Int32;24;0;-838.0;838.0;1.0E-4;0.0;m/s
PT;RT_SB_INS_Vpt_2_Vel_NED_2;9376290;0x8f1222;SB;Virtual_2_Heading;ECU;true;Intel;Int16;16;32;-180.0;180.0;0.01;0.0;degrees
PT;RT_SB_INS_Vpt_2_Vel_NED_2;9376290;0x8f1222;SB;Virtual_2_Slip;ECU;true;Intel;Int16;16;48;-180.0;180.0;0.01;0.0;degrees
PT;RT_SB_INS_Vpt_2_Vel_NED_1;9376034;0x8f1122;SB;Virtual_2_Vel_NED_N;ECU;true;Intel;Int32;24;0;-838.0;838.0;1.0E-4;0.0;m/s
PT;RT_SB_INS_Vpt_2_Vel_NED_1;9376034;0x8f1122;SB;Virtual_2_Vel_NED_E;ECU;true;Intel;Int32;24;32;-838.0;838.0;1.0E-4;0.0;m/s
PT;RT_SB_INS_Vpt_2_Offset;9375778;0x8f1022;SB;Virtual_2_Offset_X;ECU;true;Intel;Int16;16;0;-32.768;32.767;0.001;0.0;m
PT;RT_SB_INS_Vpt_2_Offset;9375778;0x8f1022;SB;Virtual_2_Offset_Y;ECU;true;Intel;Int16;16;16;-32.768;32.767;0.001;0.0;m
PT;RT_SB_INS_Vpt_2_Offset;9375778;0x8f1022;SB;Virtual_2_Offset_Z;ECU;true;Intel;Int16;16;32;-32.768;32.767;0.001;0.0;m
PT;RT_SB_INS_Vpt_1_Vel_NED_2;9372194;0x8f0222;SB;Virtual_1_Vel_NED_D;ECU;true;Intel;Int32;24;0;-838.0;838.0;1.0E-4;0.0;m/s
PT;RT_SB_INS_Vpt_1_Vel_NED_2;9372194;0x8f0222;SB;Virtual_1_Heading;ECU;true;Intel;Int16;16;32;-180.0;180.0;0.01;0.0;degrees
PT;RT_SB_INS_Vpt_1_Vel_NED_2;9372194;0x8f0222;SB;Virtual_1_Slip;ECU;true;Intel;Int16;16;48;-180.0;180.0;0.01;0.0;degrees
PT;RT_SB_INS_Vpt_1_Vel_NED_1;9371938;0x8f0122;SB;Virtual_1_Vel_NED_N;ECU;true;Intel;Int32;24;0;-838.0;838.0;1.0E-4;0.0;m/s
PT;RT_SB_INS_Vpt_1_Vel_NED_1;9371938;0x8f0122;SB;Virtual_1_Vel_NED_E;ECU;true;Intel;Int32;24;32;-838.0;838.0;1.0E-4;0.0;m/s
PT;RT_SB_INS_Vpt_1_Offset;9371682;0x8f0022;SB;Virtual_1_Offset_X;ECU;true;Intel;Int16;16;0;-32.768;32.767;0.001;0.0;m
PT;RT_SB_INS_Vpt_1_Offset;9371682;0x8f0022;SB;Virtual_1_Offset_Y;ECU;true;Intel;Int16;16;16;-32.768;32.767;0.001;0.0;m
PT;RT_SB_INS_Vpt_1_Offset;9371682;0x8f0022;SB;Virtual_1_Offset_Z;ECU;true;Intel;Int16;16;32;-32.768;32.767;0.001;0.0;m
PT;RT_SB_INS_Slip;9311778;0x8e1622;SB;Validity_INS_Slip;ECU;true;Intel;Bool;1;0;0.0;1.0;1.0;0.0;
PT;RT_SB_INS_Slip;9311778;0x8e1622;SB;Validity_INS_Squat;ECU;true;Intel;Bool;1;1;0.0;1.0;1.0;0.0;
PT;RT_SB_INS_Slip;9311778;0x8e1622;SB;Accuracy_INS_Slip;ECU;true;Intel;UInt8;8;8;0.0;255.0;1.0;0.0;
PT;RT_SB_INS_Slip;9311778;0x8e1622;SB;INS_Slip;ECU;true;Intel;Int16;16;16;-360.0;360.0;0.01;0.0;degrees
PT;RT_SB_INS_Slip;9311778;0x8e1622;SB;Accuracy_INS_Squat;ECU;true;Intel;UInt8;8;32;0.0;255.0;1.0;0.0;
PT;RT_SB_INS_Slip;9311778;0x8e1622;SB;INS_Squat;ECU;true;Intel;Int16;16;40;-360.0;360.0;0.01;0.0;degrees
PT;RT_SB_INS_Vel_ECEF_2;9311010;0x8e1322;SB;Validity_INS_Vel_ECEF_Y;ECU;true;Intel;Bool;1;0;0.0;1.0;1.0;0.0;
PT;RT_SB_INS_Vel_ECEF_2;9311010;0x8e1322;SB;Validity_INS_Vel_ECEF_Z;ECU;true;Intel;Bool;1;1;0.0;1.0;1.0;0.0;
PT;RT_SB_INS_Vel_ECEF_2;9311010;0x8e1322;SB;INS_Vel_ECEF_Y;ECU;true;Intel;Int32;24;8;-838.0;838.0;1.0E-4;0.0;m/s
PT;RT_SB_INS_Vel_ECEF_2;9311010;0x8e1322;SB;INS_Vel_ECEF_Z;ECU;true;Intel;Int32;24;32;-838.0;838.0;1.0E-4;0.0;m/s
PT;RT_SB_INS_Vel_ECEF_1;9310754;0x8e1222;SB;Validity_INS_Vel_ECEF_X;ECU;true;Intel;Bool;1;0;0.0;1.0;1.0;0.0;
PT;RT_SB_INS_Vel_ECEF_1;9310754;0x8e1222;SB;Accuracy_INS_Vel_ECEF_X;ECU;true;Intel;UInt8;8;8;0.0;255.0;1.0;0.0;
PT;RT_SB_INS_Vel_ECEF_1;9310754;0x8e1222;SB;Accuracy_INS_Vel_ECEF_Y;ECU;true;Intel;UInt8;8;16;0.0;255.0;1.0;0.0;
PT;RT_SB_INS_Vel_ECEF_1;9310754;0x8e1222;SB;Accuracy_INS_Vel_ECEF_Z;ECU;true;Intel;UInt8;8;24;0.0;255.0;1.0;0.0;
PT;RT_SB_INS_Vel_ECEF_1;9310754;0x8e1222;SB;INS_Vel_ECEF_X;ECU;true;Intel;Int32;24;32;-838.0;838.0;1.0E-4;0.0;m/s
PT;RT_SB_INS_Vel_NED_2;9310498;0x8e1122;SB;Validity_INS_Vel_NED_D;ECU;true;Intel;Bool;1;0;0.0;1.0;1.0;0.0;
PT;RT_SB_INS_Vel_NED_2;9310498;0x8e1122;SB;Accuracy_INS_Vel_D;ECU;true;Intel;UInt8;8;8;0.0;255.0;1.0;0.0;
PT;RT_SB_INS_Vel_NED_2;9310498;0x8e1122;SB;INS_Vel_NED_D;ECU;true;Intel;Int32;24;16;-838.0;838.0;1.0E-4;0.0;m/s
PT;RT_SB_INS_Vel_NED_1;9310242;0x8e1022;SB;Validity_INS_Vel_NED_N;ECU;true;Intel;Bool;1;0;0.0;1.0;1.0;0.0;
PT;RT_SB_INS_Vel_NED_1;9310242;0x8e1022;SB;Validity_INS_Vel_NED_E;ECU;true;Intel;Bool;1;1;0.0;1.0;1.0;0.0;
PT;RT_SB_INS_Vel_NED_1;9310242;0x8e1022;SB;Accuracy_INS_Vel_NE;ECU;true;Intel;UInt8;8;8;0.0;255.0;1.0;0.0;
PT;RT_SB_INS_Vel_NED_1;9310242;0x8e1022;SB;INS_Vel_NED_N;ECU;true;Intel;Int32;24;16;-838.0;838.0;1.0E-4;0.0;m/s
PT;RT_SB_INS_Vel_NED_1;9310242;0x8e1022;SB;INS_Vel_NED_E;ECU;true;Intel;Int32;24;40;-838.0;838.0;1.0E-4;0.0;m/s
PT;RT_SB_INS_Pos_ECEF_2;9307426;0x8e0522;SB;INS_Pos_ECEF_Y;ECU;true;Intel;Int32;32;0;-1.0E7;1.0E7;0.01;0.0;m
PT;RT_SB_INS_Pos_ECEF_2;9307426;0x8e0522;SB;INS_Pos_ECEF_Z;ECU;true;Intel;Int32;32;32;-1.0E7;1.0E7;0.01;0.0;m
PT;RT_SB_INS_Pos_ECEF_1;9307170;0x8e0422;SB;Validity_INS_Pos_ECEF_X;ECU;true;Intel;Bool;1;0;0.0;1.0;1.0;0.0;
PT;RT_SB_INS_Pos_ECEF_1;9307170;0x8e0422;SB;Validity_INS_Pos_ECEF_Y;ECU;true;Intel;Bool;1;1;0.0;1.0;1.0;0.0;
PT;RT_SB_INS_Pos_ECEF_1;9307170;0x8e0422;SB;Validity_INS_Pos_ECEF_Z;ECU;true;Intel;Bool;1;2;0.0;1.0;1.0;0.0;
PT;RT_SB_INS_Pos_ECEF_1;9307170;0x8e0422;SB;Accuracy_INS_Pos_ECEF_X;ECU;true;Intel;UInt8;8;8;0.0;255.0;1.0;0.0;
PT;RT_SB_INS_Pos_ECEF_1;9307170;0x8e0422;SB;Accuracy_INS_Pos_ECEF_Y;ECU;true;Intel;UInt8;8;16;0.0;255.0;1.0;0.0;
PT;RT_SB_INS_Pos_ECEF_1;9307170;0x8e0422;SB;Accuracy_INS_Pos_ECEF_Z;ECU;true;Intel;UInt8;8;24;0.0;255.0;1.0;0.0;
PT;RT_SB_INS_Pos_ECEF_1;9307170;0x8e0422;SB;INS_Pos_ECEF_X;ECU;true;Intel;Int32;32;32;-1.0E7;1.0E7;0.01;0.0;m
PT;RT_SB_INS_Pos_LLH_2;9306914;0x8e0322;SB;INS_Pos_LLH_Longitude;ECU;true;Intel;Int32;32;0;-180.0;180.0;1.0E-7;0.0;degrees
PT;RT_SB_INS_Pos_LLH_2;9306914;0x8e0322;SB;INS_Pos_LLH_Altitude;ECU;true;Intel;Int32;32;32;-1000.0;100000.0;0.001;0.0;m
PT;RT_SB_INS_Pos_LLH_1;9306658;0x8e0222;SB;Validity_INS_Pos_LLH_Latitude;ECU;true;Intel;Bool;1;0;0.0;1.0;1.0;0.0;
PT;RT_SB_INS_Pos_LLH_1;9306658;0x8e0222;SB;Validity_INS_Pos_LLH_Longitude;ECU;true;Intel;Bool;1;1;0.0;1.0;1.0;0.0;
PT;RT_SB_INS_Pos_LLH_1;9306658;0x8e0222;SB;Validity_INS_Pos_LLH_Altitude;ECU;true;Intel;Bool;1;2;0.0;1.0;1.0;0.0;
PT;RT_SB_INS_Pos_LLH_1;9306658;0x8e0222;SB;Accuracy_INS_Pos_LLH_Latitude;ECU;true;Intel;UInt8;8;8;0.0;255.0;1.0;0.0;
PT;RT_SB_INS_Pos_LLH_1;9306658;0x8e0222;SB;Accuracy_INS_Pos_LLH_Longitude;ECU;true;Intel;UInt8;8;16;0.0;255.0;1.0;0.0;
PT;RT_SB_INS_Pos_LLH_1;9306658;0x8e0222;SB;Accuracy_INS_Pos_LLH_Altitude;ECU;true;Intel;UInt8;8;24;0.0;255.0;1.0;0.0;
PT;RT_SB_INS_Pos_LLH_1;9306658;0x8e0222;SB;INS_Pos_LLH_Latitude;ECU;true;Intel;Int32;32;32;-90.0;90.0;1.0E-7;0.0;degrees
PT;RT_SB_INS_Heading_Gradient_2;9311522;0x8e1522;SB;Validity_INS_Heading;ECU;true;Intel;Bool;1;0;0.0;1.0;1.0;0.0;
PT;RT_SB_INS_Heading_Gradient_2;9311522;0x8e1522;SB;Validity_INS_Gradient;ECU;true;Intel;Bool;1;1;0.0;1.0;1.0;0.0;
PT;RT_SB_INS_Heading_Gradient_2;9311522;0x8e1522;SB;Accuracy_INS_Heading;ECU;true;Intel;UInt8;8;8;0.0;255.0;1.0;0.0;
PT;RT_SB_INS_Heading_Gradient_2;9311522;0x8e1522;SB;INS_Heading_2;ECU;true;Intel;UInt16;16;16;0.0;360.0;0.01;0.0;degrees
PT;RT_SB_INS_Heading_Gradient_2;9311522;0x8e1522;SB;Accuracy_INS_Gradient;ECU;true;Intel;UInt8;8;32;0.0;255.0;1.0;0.0;
PT;RT_SB_INS_Heading_Gradient_2;9311522;0x8e1522;SB;INS_Gradient;ECU;true;Intel;Int16;16;40;-90.0;90.0;0.01;0.0;degrees
PT;RT_SB_INS_Heading_Gradient;9311266;0x8e1422;SB;Validity_INS_Heading;ECU;true;Intel;Bool;1;0;0.0;1.0;1.0;0.0;
PT;RT_SB_INS_Heading_Gradient;9311266;0x8e1422;SB;Validity_INS_Gradient;ECU;true;Intel;Bool;1;1;0.0;1.0;1.0;0.0;
PT;RT_SB_INS_Heading_Gradient;9311266;0x8e1422;SB;Accuracy_INS_Heading;ECU;true;Intel;UInt8;8;8;0.0;255.0;1.0;0.0;
PT;RT_SB_INS_Heading_Gradient;9311266;0x8e1422;SB;INS_Heading;ECU;true;Intel;Int16;16;16;-180.0;180.0;0.01;0.0;degrees
PT;RT_SB_INS_Heading_Gradient;9311266;0x8e1422;SB;Accuracy_INS_Gradient;ECU;true;Intel;UInt8;8;32;0.0;255.0;1.0;0.0;
PT;RT_SB_INS_Heading_Gradient;9311266;0x8e1422;SB;INS_Gradient;ECU;true;Intel;Int16;16;40;-90.0;90.0;0.01;0.0;degrees
PT;RT_SB_INS_Status;9306146;0x8e0022;SB;INS_Status;ECU;true;Intel;UInt8;8;0;0.0;255.0;1.0;0.0;
PT;RT_SB_INS_Attitude;9306402;0x8e0122;SB;Validity_Yaw;ECU;true;Intel;Bool;1;0;0.0;1.0;1.0;0.0;
PT;RT_SB_INS_Attitude;9306402;0x8e0122;SB;Validity_Pitch;ECU;true;Intel;Bool;1;1;0.0;1.0;1.0;0.0;
PT;RT_SB_INS_Attitude;9306402;0x8e0122;SB;Validity_Roll;ECU;true;Intel;Bool;1;2;0.0;1.0;1.0;0.0;
PT;RT_SB_INS_Attitude;9306402;0x8e0122;SB;Accuracy_Attitude;ECU;true;Intel;UInt8;8;8;0.0;255.0;1.0;0.0;
PT;RT_SB_INS_Attitude;9306402;0x8e0122;SB;Attitude_Yaw;ECU;true;Intel;Int16;16;16;-360.0;360.0;0.01;0.0;degrees
PT;RT_SB_INS_Attitude;9306402;0x8e0122;SB;Attitude_Pitch;ECU;true;Intel;Int16;16;32;-360.0;360.0;0.01;0.0;degrees
PT;RT_SB_INS_Attitude;9306402;0x8e0122;SB;Attitude_Roll;ECU;true;Intel;Int16;16;48;-360.0;360.0;0.01;0.0;degrees
PT;RT_SB_Output_Status;9240866;0x8d0122;SB;Validity_Status_Timestamp;ECU;true;Intel;Bool;1;0;0.0;1.0;1.0;0.0;
PT;RT_SB_Output_Status;9240866;0x8d0122;SB;Status_Analogue_1;ECU;true;Intel;Bool;1;8;0.0;1.0;1.0;0.0;
PT;RT_SB_Output_Status;9240866;0x8d0122;SB;Status_Analogue_2;ECU;true;Intel;Bool;1;9;0.0;1.0;1.0;0.0;
PT;RT_SB_Output_Status;9240866;0x8d0122;SB;Status_Analogue_3;ECU;true;Intel;Bool;1;10;0.0;1.0;1.0;0.0;
PT;RT_SB_Output_Status;9240866;0x8d0122;SB;Status_Analogue_4;ECU;true;Intel;Bool;1;11;0.0;1.0;1.0;0.0;
PT;RT_SB_Output_Status;9240866;0x8d0122;SB;Status_Pulse_Output;ECU;true;Intel;Bool;1;12;0.0;1.0;1.0;0.0;
PT;RT_SB_Output_Status;9240866;0x8d0122;SB;Status_Serial_Output_1;ECU;true;Intel;Bool;1;13;0.0;1.0;1.0;0.0;
PT;RT_SB_Output_Status;9240866;0x8d0122;SB;Status_Serial_Output_2;ECU;true;Intel;Bool;1;14;0.0;1.0;1.0;0.0;
PT;RT_SB_Output_Status;9240866;0x8d0122;SB;Status_Trigger;ECU;true;Intel;Bool;1;15;0.0;1.0;1.0;0.0;
PT;RT_SB_Output_Status;9240866;0x8d0122;SB;GPS_Time;ECU;true;Intel;UInt32;32;32;0.0;604800.0;0.001;0.0;s
PT;RT_SB_GPS_Heading_Gradient_2;9180706;0x8c1622;SB;Validity_GPS_Heading;ECU;true;Intel;Bool;1;0;0.0;1.0;1.0;0.0;
PT;RT_SB_GPS_Heading_Gradient_2;9180706;0x8c1622;SB;Validity_GPS_Gradient;ECU;true;Intel;Bool;1;1;0.0;1.0;1.0;0.0;
PT;RT_SB_GPS_Heading_Gradient_2;9180706;0x8c1622;SB;Accuracy_GPS_Heading;ECU;true;Intel;UInt8;8;8;0.0;255.0;1.0;0.0;
PT;RT_SB_GPS_Heading_Gradient_2;9180706;0x8c1622;SB;GPS_Heading_2;ECU;true;Intel;UInt16;16;16;0.0;360.0;0.01;0.0;degrees
PT;RT_SB_GPS_Heading_Gradient_2;9180706;0x8c1622;SB;Accuracy_GPS_Gradient;ECU;true;Intel;UInt8;8;32;0.0;255.0;1.0;0.0;
PT;RT_SB_GPS_Heading_Gradient_2;9180706;0x8c1622;SB;GPS_Gradient;ECU;true;Intel;Int16;16;40;-90.0;90.0;0.01;0.0;degrees
PT;RT_SB_Cumulative_Distance_2;8397090;0x802122;SB;Validity_Cumulative_Time;ECU;true;Intel;Bool;1;0;0.0;1.0;1.0;0.0;
PT;RT_SB_Cumulative_Distance_2;8397090;0x802122;SB;Validity_Cumulative_Distance;ECU;true;Intel;Bool;1;1;0.0;1.0;1.0;0.0;
PT;RT_SB_Cumulative_Distance_2;8397090;0x802122;SB;Cumulative_Time;ECU;true;Intel;UInt32;24;8;0.0;167772.0;0.01;0.0;s
PT;RT_SB_Cumulative_Distance_2;8397090;0x802122;SB;Cumulative_Distance;ECU;true;Intel;UInt32;32;32;0.0;4294970.0;0.001;0.0;m
PT;RT_SB_Cumulative_Distance_1;8396834;0x802022;SB;Validity_Cumulative_Time;ECU;true;Intel;Bool;1;0;0.0;1.0;1.0;0.0;
PT;RT_SB_Cumulative_Distance_1;8396834;0x802022;SB;Validity_Cumulative_Distance;ECU;true;Intel;Bool;1;1;0.0;1.0;1.0;0.0;
PT;RT_SB_Cumulative_Distance_1;8396834;0x802022;SB;Cumulative_Time;ECU;true;Intel;UInt32;24;8;0.0;167772.0;0.01;0.0;s
PT;RT_SB_Cumulative_Distance_1;8396834;0x802022;SB;Cumulative_Distance;ECU;true;Intel;UInt32;32;32;0.0;4294970.0;0.001;0.0;m
PT;RT_SB_Trigger_Timestamp;9240610;0x8d0022;SB;Validity_Trigger_Timestamp;ECU;true;Intel;Bool;1;0;0.0;1.0;1.0;0.0;
PT;RT_SB_Trigger_Timestamp;9240610;0x8d0022;SB;Accuracy_Trigger_Timestamp;ECU;true;Intel;UInt8;8;8;0.0;255.0;1.0;0.0;
PT;RT_SB_Trigger_Timestamp;9240610;0x8d0022;SB;Trigger_Number;ECU;true;Intel;UInt8;7;16;0.0;128.0;1.0;1.0;
PT;RT_SB_Trigger_Timestamp;9240610;0x8d0022;SB;Trigger_Timestamp_Type;ECU;true;Intel;Bool;1;23;0.0;1.0;1.0;0.0;
PT;RT_SB_Trigger_Timestamp;9240610;0x8d0022;SB;GPS_High_Resolution_Time;ECU;true;Intel;UInt64;40;24;0.0;604800.0;1.0E-6;0.0;s
PT;RT_IMU06_Gyro_Rates;8388897;0x800121;IMU06;Validity_Gyro_Rate_Yaw;ECU;true;Intel;Bool;1;0;0.0;1.0;1.0;0.0;
PT;RT_IMU06_Gyro_Rates;8388897;0x800121;IMU06;Validity_Gyro_Rate_Pitch;ECU;true;Intel;Bool;1;1;0.0;1.0;1.0;0.0;
PT;RT_IMU06_Gyro_Rates;8388897;0x800121;IMU06;Validity_Gyro_Rate_Roll;ECU;true;Intel;Bool;1;2;0.0;1.0;1.0;0.0;
PT;RT_IMU06_Gyro_Rates;8388897;0x800121;IMU06;Accuracy_Gyro_Rates;ECU;true;Intel;UInt8;8;8;0.0;0.0;1.0;0.0;
PT;RT_IMU06_Gyro_Rates;8388897;0x800121;IMU06;Gyro_Rate_Yaw;ECU;true;Intel;Int16;16;16;-327.0;327.0;0.01;0.0;degrees/s
PT;RT_IMU06_Gyro_Rates;8388897;0x800121;IMU06;Gyro_Rate_Pitch;ECU;true;Intel;Int16;16;32;-327.0;327.0;0.01;0.0;degrees/s
PT;RT_IMU06_Gyro_Rates;8388897;0x800121;IMU06;Gyro_Rate_Roll;ECU;true;Intel;Int16;16;48;-327.0;327.0;0.01;0.0;degrees/s
PT;RT_IMU06_Accel;8388641;0x800021;IMU06;Validity_Accel_Longitudinal;ECU;true;Intel;Bool;1;0;0.0;1.0;1.0;0.0;
PT;RT_IMU06_Accel;8388641;0x800021;IMU06;Validity_Accel_Lateral;ECU;true;Intel;Bool;1;1;0.0;1.0;1.0;0.0;
PT;RT_IMU06_Accel;8388641;0x800021;IMU06;Validity_Accel_Vertical;ECU;true;Intel;Bool;1;2;0.0;1.0;1.0;0.0;
PT;RT_IMU06_Accel;8388641;0x800021;IMU06;Accuracy_Accel;ECU;true;Intel;UInt8;8;8;0.0;255.0;1.0;0.0;
PT;RT_IMU06_Accel;8388641;0x800021;IMU06;Accel_Longitudinal;ECU;true;Intel;Int16;16;16;-65.0;65.0;0.001;0.0;g
PT;RT_IMU06_Accel;8388641;0x800021;IMU06;Accel_Lateral;ECU;true;Intel;Int16;16;32;-65.0;65.0;0.001;0.0;g
PT;RT_IMU06_Accel;8388641;0x800021;IMU06;Accel_Vertical;ECU;true;Intel;Int16;16;48;-65.0;65.0;0.001;0.0;g
PT;RT_SB_Speed;8392738;0x801022;SB;Validity_Speed;ECU;true;Intel;Bool;1;0;0.0;1.0;1.0;0.0;
PT;RT_SB_Speed;8392738;0x801022;SB;Accuracy_Speed;ECU;true;Intel;UInt8;8;8;0.0;255.0;1.0;0.0;
PT;RT_SB_Speed;8392738;0x801022;SB;Speed;ECU;true;Intel;Int32;32;16;-20000.0;20000.0;1.0E-5;0.0;m/s
PT;RT_SB_RTK_Slip;9183522;0x8c2122;SB;Validity_RTK_Slip;ECU;true;Intel;Bool;1;0;0.0;1.0;1.0;0.0;
PT;RT_SB_RTK_Slip;9183522;0x8c2122;SB;Validity_RTK_Squat;ECU;true;Intel;Bool;1;1;0.0;1.0;1.0;0.0;
PT;RT_SB_RTK_Slip;9183522;0x8c2122;SB;Validity_RTK_Baseline;ECU;true;Intel;Bool;1;2;0.0;1.0;1.0;0.0;
PT;RT_SB_RTK_Slip;9183522;0x8c2122;SB;Accuracy_RTK_Baseline;ECU;true;Intel;UInt8;8;8;0.0;255.0;1.0;0.0;
PT;RT_SB_RTK_Slip;9183522;0x8c2122;SB;RTK_Slip;ECU;true;Intel;Int16;16;16;-360.0;360.0;0.01;0.0;degrees
PT;RT_SB_RTK_Slip;9183522;0x8c2122;SB;RTK_Squat;ECU;true;Intel;Int16;16;32;-360.0;360.0;0.01;0.0;degrees
PT;RT_SB_RTK_Slip;9183522;0x8c2122;SB;RTK_Baseline;ECU;true;Intel;UInt16;16;48;0.0;65535.0;1.0;0.0;mm
PT;RT_SB_RTK_Attitude;9183266;0x8c2022;SB;Validity_RTK_Yaw;ECU;true;Intel;Bool;1;0;0.0;1.0;1.0;0.0;
PT;RT_SB_RTK_Attitude;9183266;0x8c2022;SB;Validity_RTK_Pitch;ECU;true;Intel;Bool;1;1;0.0;1.0;1.0;0.0;
PT;RT_SB_RTK_Attitude;9183266;0x8c2022;SB;Validity_RTK_Roll;ECU;true;Intel;Bool;1;2;0.0;1.0;1.0;0.0;
PT;RT_SB_RTK_Attitude;9183266;0x8c2022;SB;Accuracy_RTK_Attitude;ECU;true;Intel;UInt8;8;8;0.0;255.0;1.0;0.0;
PT;RT_SB_RTK_Attitude;9183266;0x8c2022;SB;RTK_Attitude_Yaw;ECU;true;Intel;Int16;16;16;-360.0;360.0;0.01;0.0;degrees
PT;RT_SB_RTK_Attitude;9183266;0x8c2022;SB;RTK_Attitude_Pitch;ECU;true;Intel;Int16;16;32;-90.0;90.0;0.01;0.0;degrees
PT;RT_SB_RTK_Attitude;9183266;0x8c2022;SB;RTK_Attitude_Roll;ECU;true;Intel;Int16;16;48;-90.0;90.0;0.01;0.0;degrees
PT;RT_SB_GPS_Mcycle_Lean;9187362;0x8c3022;SB;Validity_GPS_Lateral_Accel;ECU;true;Intel;Bool;1;0;0.0;1.0;1.0;0.0;
PT;RT_SB_GPS_Mcycle_Lean;9187362;0x8c3022;SB;Validity_GPS_Mcycle_Lean;ECU;true;Intel;Bool;1;1;0.0;1.0;1.0;0.0;
PT;RT_SB_GPS_Mcycle_Lean;9187362;0x8c3022;SB;Accuracy_GPS_Lateral_Accel;ECU;true;Intel;UInt8;8;8;0.0;255.0;1.0;0.0;
PT;RT_SB_GPS_Mcycle_Lean;9187362;0x8c3022;SB;GPS_Lateral_Accel;ECU;true;Intel;Int16;16;16;-65.0;65.0;0.001;0.0;g
PT;RT_SB_GPS_Mcycle_Lean;9187362;0x8c3022;SB;GPS_Mcycle_Lean_Angle;ECU;true;Intel;Int16;16;32;-90.0;90.0;0.01;0.0;degrees
PT;RT_SB_GPS_Status;9175074;0x8c0022;SB;GPS_Status;ECU;true;Intel;UInt8;8;0;0.0;255.0;1.0;0.0;
PT;RT_SB_GPS_Status;9175074;0x8c0022;SB;Firmware_Version_Major;ECU;true;Intel;UInt8;8;8;0.0;255.0;1.0;0.0;
PT;RT_SB_GPS_Status;9175074;0x8c0022;SB;Firmware_Version_Intermediate;ECU;true;Intel;UInt8;8;16;0.0;255.0;1.0;0.0;
PT;RT_SB_GPS_Status;9175074;0x8c0022;SB;Firmware_Version_Minor;ECU;true;Intel;UInt8;8;24;0.0;255.0;1.0;0.0;
PT;RT_SB_GPS_Status;9175074;0x8c0022;SB;GPS_nSv;ECU;true;Intel;UInt8;8;32;0.0;16.0;1.0;0.0;
PT;RT_SB_GPS_Status;9175074;0x8c0022;SB;GPS_nSv_2;ECU;true;Intel;UInt8;8;40;0.0;16.0;1.0;0.0;
PT;RT_SB_GPS_Status;9175074;0x8c0022;SB;GPS_nSv_RTK;ECU;true;Intel;UInt8;8;48;0.0;16.0;1.0;0.0;
PT;RT_SB_GPS_Status;9175074;0x8c0022;SB;RTK_Status;ECU;true;Intel;UInt8;8;56;0.0;255.0;1.0;0.0;
PT;RT_SB_GPS_Pos_ECEF_2;9176354;0x8c0522;SB;GPS_Pos_ECEF_Y;ECU;true;Intel;Int32;32;0;-1.0E7;1.0E7;0.01;0.0;m
PT;RT_SB_GPS_Pos_ECEF_2;9176354;0x8c0522;SB;GPS_Pos_ECEF_Z;ECU;true;Intel;Int32;32;32;-1.0E7;1.0E7;0.01;0.0;m
PT;RT_SB_GPS_Pos_ECEF_1;9176098;0x8c0422;SB;Validity_GPS_Pos_ECEF_X;ECU;true;Intel;Bool;1;0;0.0;1.0;1.0;0.0;
PT;RT_SB_GPS_Pos_ECEF_1;9176098;0x8c0422;SB;Validity_GPS_Pos_ECEF_Y;ECU;true;Intel;Bool;1;1;0.0;1.0;1.0;0.0;
PT;RT_SB_GPS_Pos_ECEF_1;9176098;0x8c0422;SB;Validity_GPS_Pos_ECEF_Z;ECU;true;Intel;Bool;1;2;0.0;1.0;1.0;0.0;
PT;RT_SB_GPS_Pos_ECEF_1;9176098;0x8c0422;SB;Accuracy_GPS_Pos_ECEF_X;ECU;true;Intel;UInt8;8;8;0.0;255.0;1.0;0.0;
PT;RT_SB_GPS_Pos_ECEF_1;9176098;0x8c0422;SB;Accuracy_GPS_Pos_ECEF_Y;ECU;true;Intel;UInt8;8;16;0.0;255.0;1.0;0.0;
PT;RT_SB_GPS_Pos_ECEF_1;9176098;0x8c0422;SB;Accuracy_GPS_Pos_ECEF_Z;ECU;true;Intel;UInt8;8;24;0.0;255.0;1.0;0.0;
PT;RT_SB_GPS_Pos_ECEF_1;9176098;0x8c0422;SB;GPS_Pos_ECEF_X;ECU;true;Intel;Int32;32;32;-1.0E7;1.0E7;0.01;0.0;m
PT;RT_SB_GPS_Pos_LLH_2;9175842;0x8c0322;SB;GPS_Pos_LLH_Longitude;ECU;true;Intel;Int32;32;0;-180.0;180.0;1.0E-7;0.0;degrees
PT;RT_SB_GPS_Pos_LLH_2;9175842;0x8c0322;SB;GPS_Pos_LLH_Altitude;ECU;true;Intel;Int32;32;32;-1000.0;100000.0;0.001;0.0;m
PT;RT_SB_GPS_Pos_LLH_1;9175586;0x8c0222;SB;Validity_GPS_Pos_LLH_Latitude;ECU;true;Intel;Bool;1;0;0.0;1.0;1.0;0.0;
PT;RT_SB_GPS_Pos_LLH_1;9175586;0x8c0222;SB;Validity_GPS_Pos_LLH_Longitude;ECU;true;Intel;Bool;1;1;0.0;1.0;1.0;0.0;
PT;RT_SB_GPS_Pos_LLH_1;9175586;0x8c0222;SB;Validity_GPS_Pos_LLH_Altitude;ECU;true;Intel;Bool;1;2;0.0;1.0;1.0;0.0;
PT;RT_SB_GPS_Pos_LLH_1;9175586;0x8c0222;SB;Accuracy_GPS_Pos_LLH_Latitude;ECU;true;Intel;UInt8;8;8;0.0;255.0;1.0;0.0;
PT;RT_SB_GPS_Pos_LLH_1;9175586;0x8c0222;SB;Accuracy_GPS_Pos_LLH_Longitude;ECU;true;Intel;UInt8;8;16;0.0;255.0;1.0;0.0;
PT;RT_SB_GPS_Pos_LLH_1;9175586;0x8c0222;SB;Accuracy_GPS_Pos_LLH_Altitude;ECU;true;Intel;UInt8;8;24;0.0;255.0;1.0;0.0;
PT;RT_SB_GPS_Pos_LLH_1;9175586;0x8c0222;SB;GPS_Pos_LLH_Latitude;ECU;true;Intel;Int32;32;32;-90.0;90.0;1.0E-7;0.0;degrees
PT;RT_SB_GPS_Heading_Gradient;9180450;0x8c1522;SB;Validity_GPS_Heading;ECU;true;Intel;Bool;1;0;0.0;1.0;1.0;0.0;
PT;RT_SB_GPS_Heading_Gradient;9180450;0x8c1522;SB;Validity_GPS_Gradient;ECU;true;Intel;Bool;1;1;0.0;1.0;1.0;0.0;
PT;RT_SB_GPS_Heading_Gradient;9180450;0x8c1522;SB;Accuracy_GPS_Heading;ECU;true;Intel;UInt8;8;8;0.0;255.0;1.0;0.0;
PT;RT_SB_GPS_Heading_Gradient;9180450;0x8c1522;SB;GPS_Heading;ECU;true;Intel;Int16;16;16;-180.0;180.0;0.01;0.0;degrees
PT;RT_SB_GPS_Heading_Gradient;9180450;0x8c1522;SB;Accuracy_GPS_Gradient;ECU;true;Intel;UInt8;8;32;0.0;255.0;1.0;0.0;
PT;RT_SB_GPS_Heading_Gradient;9180450;0x8c1522;SB;GPS_Gradient;ECU;true;Intel;Int16;16;40;-90.0;90.0;0.01;0.0;degrees
PT;RT_SB_GPS_Vel_ECEF_2;9180194;0x8c1422;SB;Validity_GPS_Vel_ECEF_Y;ECU;true;Intel;Bool;1;0;0.0;1.0;1.0;0.0;
PT;RT_SB_GPS_Vel_ECEF_2;9180194;0x8c1422;SB;Validity_GPS_Vel_ECEF_Z;ECU;true;Intel;Bool;1;1;0.0;1.0;1.0;0.0;
PT;RT_SB_GPS_Vel_ECEF_2;9180194;0x8c1422;SB;GPS_Vel_ECEF_Y;ECU;true;Intel;Int32;24;8;-838.0;838.0;1.0E-4;0.0;m/s
PT;RT_SB_GPS_Vel_ECEF_2;9180194;0x8c1422;SB;GPS_Vel_ECEF_Z;ECU;true;Intel;Int32;24;32;-838.0;838.0;1.0E-4;0.0;m/s
PT;RT_SB_GPS_Vel_ECEF_1;9179938;0x8c1322;SB;Validity_GPS_Vel_ECEF_X;ECU;true;Intel;Bool;1;0;0.0;1.0;1.0;0.0;
PT;RT_SB_GPS_Vel_ECEF_1;9179938;0x8c1322;SB;Accuracy_GPS_Vel_ECEF_X;ECU;true;Intel;UInt8;8;8;0.0;255.0;1.0;0.0;
PT;RT_SB_GPS_Vel_ECEF_1;9179938;0x8c1322;SB;Accuracy_GPS_Vel_ECEF_Y;ECU;true;Intel;UInt8;8;16;0.0;255.0;1.0;0.0;
PT;RT_SB_GPS_Vel_ECEF_1;9179938;0x8c1322;SB;Accuracy_GPS_Vel_ECEF_Z;ECU;true;Intel;UInt8;8;24;0.0;255.0;1.0;0.0;
PT;RT_SB_GPS_Vel_ECEF_1;9179938;0x8c1322;SB;GPS_Vel_ECEF_X;ECU;true;Intel;Int32;24;32;-838.0;838.0;1.0E-4;0.0;m/s
PT;RT_SB_GPS_Vel_NED_2;0;0x000;SB;Validity_GPS_Vel_NED_D;ECU;true;Intel;Bool;1;0;0.0;1.0;1.0;0.0;
PT;RT_SB_GPS_Vel_NED_2;0;0x000;SB;Accuracy_GPS_Vel_D;ECU;true;Intel;UInt8;8;8;0.0;255.0;1.0;0.0;
PT;RT_SB_GPS_Vel_NED_2;0;0x000;SB;GPS_Vel_NED_D;ECU;true;Intel;Int32;24;16;-838.0;838.0;1.0E-4;0.0;m/s
PT;RT_SB_GPS_Vel_NED_1;536870911;0x1fffffff;SB;Validity_GPS_Vel_NED_N;ECU;true;Intel;Bool;1;0;0.0;1.0;1.0;0.0;
PT;RT_SB_GPS_Vel_NED_1;536870911;0x1fffffff;SB;Validity_GPS_Vel_NED_E;ECU;true;Intel;Bool;1;1;0.0;1.0;1.0;0.0;
PT;RT_SB_GPS_Vel_NED_1;536870911;0x1fffffff;SB;Accuracy_GPS_Vel_NE;ECU;true;Intel;UInt8;8;8;0.0;255.0;1.0;0.0;
PT;RT_SB_GPS_Vel_NED_1;536870911;0x1fffffff;SB;GPS_Vel_NED_N;ECU;true;Intel;Int32;24;16;-838.0;838.0;1.0E-4;0.0;m/s
PT;RT_SB_GPS_Vel_NED_1;536870911;0x1fffffff;SB;GPS_Vel_NED_E;ECU;true;Intel;Int32;24;40;-838.0;838.0;1.0E-4;0.0;m/s
PT;RT_SB_GPS_Speed;1818;0x71a;SB;Validity_GPS_Speed_2D;ECU;true;Intel;Bool;1;0;0.0;1.0;1.0;0.0;
PT;RT_SB_GPS_Speed;1818;0x71a;SB;Validity_GPS_Speed_3D;ECU;true;Intel;Bool;1;1;0.0;1.0;1.0;0.0;
PT;RT_SB_GPS_Speed;1818;0x71a;SB;Accuracy_GPS_Speed;ECU;true;Intel;UInt8;8;8;0.0;255.0;1.0;0.0;
PT;RT_SB_GPS_Speed;1818;0x71a;SB;GPS_Speed_2D;ECU;true;Intel;UInt32;24;16;0.0;1675.0;1.0E-4;0.0;m/s
PT;RT_SB_GPS_Speed;1818;0x71a;SB;GPS_Speed_3D;ECU;true;Intel;UInt32;24;40;0.0;1675.0;1.0E-4;0.0;m/s
PT;RT_SB_GPS_Time;2047;0x7ff;SB;Validity_GPS_Time;ECU;true;Intel;Bool;1;0;0.0;1.0;1.0;0.0;
PT;RT_SB_GPS_Time;2047;0x7ff;SB;Validity_GPS_Week;ECU;true;Intel;Bool;1;1;0.0;1.0;1.0;0.0;
PT;RT_SB_GPS_Time;2047;0x7ff;SB;Accuracy_GPS_Time;ECU;true;Intel;UInt8;8;8;0.0;255.0;1.0;0.0;
PT;RT_SB_GPS_Time;2047;0x7ff;SB;GPS_Time;ECU;true;Intel;UInt32;32;16;0.0;604800.0;0.001;0.0;s
PT;RT_SB_GPS_Time;2047;0x7ff;SB;GPS_Week;ECU;true;Intel;UInt16;16;48;0.0;65535.0;1.0;0.0;
PT;RT_SB_Accel;290;0x122;SB;Validity_Accel_Longitudinal;ECU;true;Intel;Bool;1;0;0.0;1.0;1.0;0.0;
PT;RT_SB_Accel;290;0x122;SB;Validity_Accel_Lateral;ECU;true;Intel;Bool;1;1;0.0;1.0;1.0;0.0;
PT;RT_SB_Accel;290;0x122;SB;Validity_Accel_Vertical;ECU;true;Intel;Bool;1;2;0.0;1.0;1.0;0.0;
PT;RT_SB_Accel;290;0x122;SB;Accuracy_Accel;ECU;true;Intel;UInt8;8;8;0.0;255.0;1.0;0.0;
PT;RT_SB_Accel;290;0x122;SB;Accel_Longitudinal;ECU;true;Intel;Int16;16;16;-65.0;65.0;0.001;0.0;g
PT;RT_SB_Accel;290;0x122;SB;Accel_Lateral;ECU;true;Intel;Int16;16;32;-65.0;65.0;0.001;0.0;g
PT;RT_SB_Accel;290;0x122;SB;Accel_Vertical;ECU;true;Intel;Int16;16;48;-65.0;65.0;0.001;0.0;g
PT;RT_SB_Gyro_Rates;8388898;0x800122;SB;Validity_Gyro_Rate_Yaw;ECU;true;Intel;Bool;1;0;0.0;1.0;1.0;0.0;
PT;RT_SB_Gyro_Rates;8388898;0x800122;SB;Validity_Gyro_Rate_Pitch;ECU;true;Intel;Bool;1;1;0.0;1.0;1.0;0.0;
PT;RT_SB_Gyro_Rates;8388898;0x800122;SB;Validity_Gyro_Rate_Roll;ECU;true;Intel;Bool;1;2;0.0;1.0;1.0;0.0;
PT;RT_SB_Gyro_Rates;8388898;0x800122;SB;Accuracy_Gyro_Rates;ECU;true;Intel;UInt8;8;8;0.0;0.0;1.0;0.0;
PT;RT_SB_Gyro_Rates;8388898;0x800122;SB;Gyro_Rate_Yaw;ECU;true;Intel;Int16;16;16;-327.0;327.0;0.01;0.0;degrees/s
PT;RT_SB_Gyro_Rates;8388898;0x800122;SB;Gyro_Rate_Pitch;ECU;true;Intel;Int16;16;32;-327.0;327.0;0.01;0.0;degrees/s
PT;RT_SB_Gyro_Rates;8388898;0x800122;SB;Gyro_Rate_Roll;ECU;true;Intel;Int16;16;48;-327.0;327.0;0.01;0.0;degrees/s
